HR_Location,Footage_Hours,Shift_Hours,Employee_IDs,Percent_of_Total_Shift_Hours_Recorded
Alpha,7354.3341666666665,11800.374444444444,111,0.6232288815317254
Beta,5123.460555555555,7749.912222222222,106,0.6610991723060375
Delta,4970.541666666667,10649.9475,128,0.46671982811808854
Epsilon,10185.1575,13621.8475,149,0.7477074970924464
Gamma,8694.791666666666,12108.85861111111,151,0.7180521257955981
