HR_Location,Staff,Clips,Footage_Hours,Average_Clips_per_Staff,Average_Hours_per_Staff,Average_Clip_Length,Average_Gaps_per_Staff
Alpha,124,14543,9160.125277777777,117.28225806451613,73.87197804659498,0.6298649025495274,16.387096774193548
Beta,116,6698,8872.922222222222,57.741379310344826,76.49070881226054,1.3247121860588567,10.801724137931034
Delta,142,7134,6179.300277777777,50.23943661971831,43.516199139280126,0.8661760972494782,7.73943661971831
Epsilon,162,10028,13084.32111111111,61.901234567901234,80.76741426611797,1.3047787306652485,8.012345679012345
Gamma,170,11027,12848.504722222222,64.86470588235294,75.57943954248366,1.1651858821277068,16.05294117647059
